U,susanb,Lab/Program Administrator,AAP
C,jhudson,Procurement Contract Administrator,ACOM
C,sandrews,Project Accountant,AOPMO
C,jhudson,Procurement Contract Administrator,ASP
C,sandrews,Project Accountant,ASP
C,jhudson,Procurement Contract Administrator,CHEMMOD
U,kathyp,Lab/Program Administrator,CISL
C,jhudson,Procurement Contract Administrator,COMMINSI
U,pene,Lab/Program Administrator,CPAESS
U,melanie,Lab/Program Administrator,CPAESS
U,susanb,Lab/Program Administrator,CSAP
U,haws,Lab/Program Administrator,DA
C,sandrews,Project Accountant,DFS
U,doremire,Lab/Program Administrator,DLS
C,ruthj,Project Accountant,DLS
C,sandrews,Project Accountant,DMS
C,sandrews,Project Accountant,EOL
U,cquinn,Lab/Program Administrator,GEOSPACE
U,joanneg,Lab/Program Administrator,GEOSPACE
C,justinl,Procurement Contract Administrator,GEOSPACE
U,knack,Lab/Program Administrator,GEOSPACE
C,pownell,Project Accountant,GEOSPACE
C,sandrews,Project Accountant,GLOBE
U,cquinn,Lab/Program Administrator,HAO
U,susanb,Lab/Program Administrator,HAP
U,kathyp,Lab/Program Administrator,IMAGE
C,lkramer,Project Accountant,IMAGE
C,sandrews,Project Accountant,ISF
U,susanb,Lab/Program Administrator,JNT
C,bbunting,Project Accountant,JOSS
C,bbunting,Project Accountant,MP
U,andreaem,Lab/Program Administrator,NCAR
U,geoff,Lab/Program Administrator,NCAR
U,konnie,Lab/Program Administrator,NCAR
U,marnold,Lab/Program Administrator,NCAR
U,rebgreen,Lab/Program Administrator,NCAR
U,rena,Lab/Program Administrator,NCAR
U,stever,Lab/Program Administrator,NCAR
U,talbrech,Lab/Program Administrator,NCAR
U,andreaem,Lab/Program Administrator,NCARDIR
U,geoff,Lab/Program Administrator,NCARDIR
U,marnold,Lab/Program Administrator,NCARDIR
U,rebgreen,Lab/Program Administrator,NCARDIR
U,rena,Lab/Program Administrator,NCARDIR
U,stever,Lab/Program Administrator,NCARDIR
U,talbrech,Lab/Program Administrator,NCARDIR
U,andreaem,Lab/Program Administrator,NCARDIRE
U,geoff,Lab/Program Administrator,NCARDIRE
C,jhudson,Procurement Contract Administrator,NCARDIRE
U,marnold,Lab/Program Administrator,NCARDIRE
U,paulad,Lab/Program Administrator,NCARDIRE
U,rebgreen,Lab/Program Administrator,NCARDIRE
U,rena,Lab/Program Administrator,NCARDIRE
C,sandrews,Project Accountant,NCARDIRE
U,stever,Lab/Program Administrator,NCARDIRE
U,talbrech,Lab/Program Administrator,NCARDIRE
U,doremire,Lab/Program Administrator,NCARLIB
C,jhudson,Procurement Contract Administrator,NCARLIB
U,susanb,Lab/Program Administrator,NSAP
U,doremire,Lab/Program Administrator,NSDL
C,ruthj,Project Accountant,NSDL
U,kathyp,Lab/Program Administrator,OSD
U,cbook,Lab/Program Administrator,PPC
C,jknittel,Procurement Contract Administrator,PPC
U,kaneda,Lab/Program Administrator,PPC
U,mcmary,Lab/Program Administrator,PPC
C,sandrews,Project Accountant,PPC
U,sgentile,Lab/Program Administrator,PPC
C,sandrews,Project Accountant,RAF
U,susanb,Lab/Program Administrator,RAL
C,sandrews,Project Accountant,RSF
C,jhudson,Procurement Contract Administrator,SATREMOT
U,ksmithhe,Lab/Program Administrator,SCIED
U,nataliep,Lab/Program Administrator,SCIED
U,cquinn,Lab/Program Administrator,SOLAR
U,joanneg,Lab/Program Administrator,SOLAR
C,justinl,Procurement Contract Administrator,SOLAR
U,knack,Lab/Program Administrator,SOLAR
C,pownell,Project Accountant,SOLAR
U,kathyp,Lab/Program Administrator,TDD
U,ellent,Lab/Program Administrator,UCP
U,ellent,Lab/Program Administrator,UCPDIR
C,mayfield,Procurement Contract Administrator,UCPDIR
U,sagnona,Lab/Program Administrator,UCPDIR
U,susanb,Lab/Program Administrator,WSAP